"","X","Year","GrammyAward","Song","Artist","IsWinner","artist","song","track_id","requires_check"
"1","1","1958","Record Of The Year","Catch A Falling Star","Perry Como","Nominee","c(""Perry Como"", ""Mitchell Ayres & His Orchestra"", ""The Ray Charles Singers"")","Catch a Falling Star (with Mitchell Ayres and His Orchestra & The Ray Charles Singers)","7vuVvDFhHH3h7QyLMagBoB","FALSE"
"2","2","1958","Record Of The Year","Witchcraft (Single)","Frank Sinatra","Nominee","Frank Sinatra","Witchcraft","3BTsv0FthgmDwyKlYShwJF","FALSE"
"3","3","1958","Record Of The Year","The Chipmunk Song","David Seville And The Chipmunks","Nominee","c(""Alvin & The Chipmunks"", ""David Seville"")","The Chipmunk Song (Christmas Don't Be Late) - Remastered 1999","02NKMA9cIkq6VuBNu9q9Wf","FALSE"
"4","4","1958","Record Of The Year","Nel Blu Dipinto Di Blu (Volare)","Domenico Modugno","Winner","Domenico Modugno","Nel blu dipinto di blu","006Ndmw2hHxvnLbJsBFnPx","FALSE"
"5","5","1958","Record Of The Year","Fever (Single)","Peggy Lee","Nominee","Peggy Lee","Fever","3aPlQWU07jGgyHaBHVS5TS","FALSE"
"6","8","1958","Song Of The Year","Gigi (Single)","Vic Damone","Nominee","c(""Vic Damone"", ""Percy Faith & His Orchestra"")","Gigi (with Percy Faith & His Orchestra)","201xEFgV3eBW8VWbaaBJWS","FALSE"
"7","11","1959","Record Of The Year","The Three Bells","The Browns","Nominee","The Browns","The Three Bells","24SbmQo3XQkNLpSBYda4DA","FALSE"
"8","12","1959","Record Of The Year","Mack The Knife","Bobby Darin","Winner","Bobby Darin","Mack the Knife","3E5ndyOfO6vFDEIE42HA8o","FALSE"
"9","13","1959","Record Of The Year","Like Young (Single)","Andre Previn","Nominee","André Previn","Like Young","0Rwfhy5xdYqHvLGfkE9Lts","FALSE"
"10","15","1959","Record Of The Year","A Fool Such As I (Single)","Elvis Presley","Nominee","Elvis Presley","(Now and Then There's) A Fool Such as I","6aKzxns1rGMjLSij4PuWhh","TRUE"
"11","16","1959","Song Of The Year","The Battle Of New Orleans","Jimmy Driftwood","Winner","Johnny Horton","The Battle Of New Orleans","66eFGhs8LXeBgrXk0YgRJK","TRUE"
"12","17","1959","Song Of The Year","Small World","Johnny Mathis","Nominee","c(""Johnny Mathis"", ""Glenn Osser"")","Small World","2DugUShG2wj81Zf51l29Je","FALSE"
"13","21","1960","Record Of The Year","The Theme From A Summer Place","Percy Faith","Winner","Percy Faith & His Orchestra","The Theme from ""A Summer Place""","6zwvB879PJSpTyFcg2wwnL","FALSE"
"14","23","1960","Record Of The Year","Mack The Knife (Single)","Ella Fitzgerald","Nominee","c(""Ella Fitzgerald"", ""The Paul Smith Quartet"")","Mack The Knife - Live At The Deutschlandhalle, Berlin, 1960","7549epm7P9NV1zTMfKBI8m","FALSE"
"15","24","1960","Record Of The Year","Georgia On My Mind (Single)","Ray Charles","Nominee","Ray Charles","Georgia on My Mind","6yMGxqKj0218mFR5KqsMRq","FALSE"
"16","26","1960","Song Of The Year","Theme From Exodus","Ernest Gold","Winner","Ernest Gold","Theme of Exodus - From ""Exodus"" Soundtrack","7A7Bak9REa9pRZzohssUPi","TRUE"
"17","27","1960","Song Of The Year","Theme From A Summer Place (Single)","Percy Faith","Nominee","Percy Faith & His Orchestra","The Theme from ""A Summer Place""","6zwvB879PJSpTyFcg2wwnL","FALSE"
"18","29","1960","Song Of The Year","Nice 'n Easy (Single)","Keith","Nominee","Frank Sinatra","Nice 'n' Easy - Remastered","5Z7bkW3dsu8jLdv3dEGxly","TRUE"
"19","30","1960","Song Of The Year","He'll Have To Go (Single)","Jim Reeves","Nominee","Jim Reeves","He'll Have to Go","7DH5dXVuQaqcKf9oTy9oUN","FALSE"
"20","31","1961","Record Of The Year","Up A Lazy River","Si Zentner","Nominee","Si Zentner","Up A Lazy River","1qysQ9JXd8gUbs4oLO5oSd","FALSE"
"21","33","1961","Record Of The Year","Take Five","Dave Brubeck","Nominee","Dave Brubeck","Take Five","5p6me2mwQrGfH30eExHn6v","FALSE"
"22","34","1961","Record Of The Year","Moon River","Henry Mancini","Winner","Henry Mancini","Moon River(Vocal Audrey Hepburn)","5iGleL7HpEThuuYQ3us2jh","FALSE"
"23","35","1961","Record Of The Year","Big Bad John (Single)","Jimmy Dean","Nominee","Jimmy Dean","Big Bad John","61uAY9xdzYiIbYJ07XvKso","FALSE"
"24","38","1961","Song Of The Year","Lollipops And Roses","Jack Jones","Nominee","Jack Jones","Lollipops And Roses","67JIfYdnRNXSSP1uPRmE2j","FALSE"
"25","40","1961","Song Of The Year","A Little Bitty Tear","Burl Ives","Nominee","Burl Ives","A Little Bitty Tear - Single Version","3XhTHMleuyoQCP8jxOeIhD","FALSE"
"26","41","1962","Record Of The Year","What Kind Of Fool Am I (Single)","Sammy Davis Jr.","Nominee","Sammy Davis Jr.","What Kind of Fool Am I","2ChoPgCQ88DGEDFBwFgZlo","FALSE"
"27","42","1962","Record Of The Year","Ramblin' Rose (Single)","Nat ""King"" Cole","Nominee","Nat King Cole","Ramblin' Rose","6bZlab0NrNteVppLu9C2Zy","FALSE"
"28","43","1962","Record Of The Year","I Left My Heart In San Francisco","Tony Bennett","Winner","Tony Bennett","(I Left My Heart) In San Francisco","1bYItjcPRtxZs6Ir71O5RB","TRUE"
"29","45","1962","Record Of The Year","Fly Me To The Moon Bossa Nova (Single)","Joe Harnell","Nominee","c(""Frank Sinatra"", ""Count Basie"")","Fly Me To The Moon","2dR5WkrpwylTuT3jRWNufa","TRUE"
"30","46","1962","Record Of The Year","Desafinado (Single)","Stan Getz","Nominee","c(""Stan Getz"", ""João Gilberto"")","Desafinado","2tcfbkABIwzpepPyaFsYF4","FALSE"
"31","47","1962","Song Of The Year","What Kind Of Fool Am I","Sammy Davis, Jr. AND ALSO Anthony Newley","Winner","Sammy Davis Jr.","What Kind of Fool Am I","2ChoPgCQ88DGEDFBwFgZlo","FALSE"
"32","49","1962","Song Of The Year","My Coloring Book (Single)","Sandy Stewart","Nominee","Solomon Black","The Sandy Skerry","1q0uKJvZCngN1MmZBMODhJ","TRUE"
"33","50","1962","Song Of The Year","I Left My Heart In San Francisco (Single)","Tony Bennett","Nominee","Tony Bennett","(I Left My Heart) In San Francisco","1bYItjcPRtxZs6Ir71O5RB","TRUE"
"34","51","1962","Song Of The Year","As Long As He Needs Me","Shirley Bassey and by Della Reese","Nominee","c(""Erato"", ""Charlotte Almgren"")","As Long as You Love Me","2vLHinYk689HDnLkrsCZGF","TRUE"
"35","55","1963","Record Of The Year","Happy Days Are Here Again (Single)","Barbra Streisand","Nominee","Barbra Streisand","Happy Days Are Here Again","5kb8hqeLEXspWJZ0LrJPqE","FALSE"
"36","56","1963","Record Of The Year","Dominique (Single)","Soeur Sourire","Nominee","The Singing Nun (Soeur Sourire)","Dominique","4ns69146GVKS3AwM922kTE","TRUE"
"37","62","1964","Record Of The Year","The Girl From Ipanema","Stan Getz","Winner","c(""Stan Getz"", ""João Gilberto"", ""Astrud Gilberto"", ""Antônio Carlos Jobim"")","The Girl From Ipanema - Single Version","4qGfJb2KByjvzrwo8HNibg","FALSE"
"38","64","1964","Record Of The Year","I Want To Hold Your Hand","The Beatles","Nominee","The Beatles","I Want To Hold Your Hand - Remastered 2015","4pbG9SUmWIvsROVLF0zF9s","FALSE"
"39","65","1964","Record Of The Year","Hello, Dolly! (Single)","Louis Armstrong","Nominee","Louis Armstrong","Hello, Dolly!","63kd4m3VFxcJjPVVtbVNAu","FALSE"
"40","66","1964","Record Of The Year","Downtown (Single)","Petula Clark","Nominee","Petula Clark","Downtown","0mVTT4eqN3TbcieL6ShnDH","FALSE"
"41","67","1964","Song Of The Year","Who Can I Turn To (Single)","Anthony Newley","Nominee","c(""Barbra Streisand"", ""Anthony Newley"")","Who Can I Turn To (When Nobody Needs Me) (with Anthony Newley)","5VY8vqBEzpk2aWLB17inwk","FALSE"
"42","69","1964","Song Of The Year","Hello, Dolly!","Louis Armstrong","Winner","Louis Armstrong","Hello, Dolly!","63kd4m3VFxcJjPVVtbVNAu","FALSE"
"43","70","1964","Song Of The Year","Dear Heart (Single)","Henry Mancini","Nominee","Henry Mancini","Dear Heart","2Xu8Mxy1getoKERbRjHQ4Z","FALSE"
"44","74","1965","Record Of The Year","The ""In"" Crowd (Single)","Ramsey Lewis Trio","Nominee","Ramsey Lewis Trio","The ""In"" Crowd - Live At The Bohemian Caverns, Washington, D.C., 1965","3l2pObHGPzGmgRWDlAbUJN","FALSE"
"45","75","1965","Record Of The Year","King Of The Road (Single)","Roger Miller","Nominee","Roger Miller","King Of The Road","3XG7bMVcMWLIn2k9jLAaAt","FALSE"
"46","76","1965","Record Of The Year","A Taste Of Honey","Herb Alpert","Winner","Herb Alpert & The Tijuana Brass","A Taste Of Honey","2XmLd81D7jT8Ell9lmvApe","FALSE"
"47","81","1965","Song Of The Year","I Will Wait For You - Theme From The Umbrellas Of Cherbourg","Michel Legrand","Nominee","Michel Legrand And His Orchestra","I Will Wait for You - From the Umbrellas of Cherbourg","1sOVXr1KuMtg3ZqXkpTHLl","FALSE"
"48","82","1966","Record Of The Year","Winchester Cathedral (Single)","New Vaudeville Band","Nominee","New Vaudeville Band","Winchester Cathedral","3Q51jQuzjEDMTyFX4pT2dK","FALSE"
"49","83","1966","Record Of The Year","What Now My Love (Single)","Herb Alpert","Nominee","Herb Alpert & The Tijuana Brass","What Now My Love","1AzrEisAhzYF1AQfzLhgkO","FALSE"
"50","84","1966","Record Of The Year","Strangers In The Night","Frank Sinatra","Winner","Frank Sinatra","Strangers In The Night","74VR3AkGPhbYXnxcOYa16x","FALSE"
"51","85","1966","Record Of The Year","Monday, Monday (Single)","Mamas And The Papas","Nominee","The Mamas & The Papas","Monday, Monday - Single Version","3EFb1qDgIqf9MegIryKtDj","FALSE"
"52","86","1966","Record Of The Year","Almost Persuaded (Single)","David Houston","Nominee","David Houston","Almost Persuaded","2Krnm3qWdy4VG5vTkT0cDn","FALSE"
"53","87","1966","Song Of The Year","The Impossible Dream","Richard Kiley","Nominee","c(""Joseph Darion"", ""Mitch Leigh"", ""Richard Kiley"")","The Impossible Dream (The Quest) - Man Of La Mancha/1965 Original Broadway Cast/Remastered 2000","217RsQ8R5s4KgtGA7Sbgor","FALSE"
"54","89","1966","Song Of The Year","Somewhere My Love (Lara's Theme From ""Dr. Zhivago"") (Album)","Ray Conniff Singers and by Maurice Jarre, conductor","Nominee","The Ray Conniff Singers","Somewhere, My Love (Lara's Theme from ""Doctor Zhivago"")","1IYn7ytdb8byvHKS7S3Cat","TRUE"
"55","90","1966","Song Of The Year","Michelle","The Beatles","Winner","The Beatles","Michelle - Remastered 2009","5By7Pzgl6TMuVJG168VWzS","FALSE"
"56","91","1966","Song Of The Year","Born Free","Roger Williams","Nominee","Roger Williams","Born Free","2vDLWF0RVb7h8OlF2i8F94","FALSE"
"57","92","1967","Record Of The Year","Up, Up And Away","5th Dimension","Winner","The 5th Dimension","Up, Up and Away","3JdToGxgvH9SnO1a605Ztr","FALSE"
"58","93","1967","Record Of The Year","Somethin' Stupid (Single)","Nancy Sinatra","Nominee","c(""Frank Sinatra"", ""Nancy Sinatra"")","Somethin' Stupid","4feXcsElKIVsGwkbnTHAfV","FALSE"
"59","94","1967","Record Of The Year","Ode To Billie Joe (Single)","Bobbie Gentry","Nominee","Bobbie Gentry","Ode To Billie Joe","4FdDorlbJTVHcH3djLbIfn","FALSE"
"60","95","1967","Record Of The Year","My Cup Runneth Over (Track)","Ed Ames","Nominee","Ed Ames","My Cup Runneth Over","40BvPdq2rwYIoioUgjKHoK","FALSE"
"61","96","1967","Record Of The Year","By The Time I Get To Phoenix","Glen Campbell","Nominee","Glen Campbell","By The Time I Get To Phoenix - Remastered 2001","1tZKsxgKebVQX9s6oiojG9","FALSE"
"62","100","1967","Song Of The Year","Gentle On My Mind (Single)","John Hartford","Nominee","John Hartford","Gentle On My Mind","6ppsYmPvK5Wp1QBdJyTc7s","FALSE"
"63","103","1968","Record Of The Year","Mrs. Robinson","Simon And Garfunkel","Winner","Simon & Garfunkel","Mrs. Robinson - From ""The Graduate"" Soundtrack","0iOZM63lendWRTTeKhZBSC","FALSE"
"64","104","1968","Record Of The Year","Honey","Bobby Goldsboro","Nominee","Bobby Goldsboro","Honey","2Qhvi6R73Zj3cpzRYzcAww","FALSE"
"65","106","1968","Record Of The Year","Harper Valley P.T.A. (Single)","Jeannie C. Riley","Nominee","Jeannie C. Riley","Harper Valley P.T.A.","2sZIclzhHlH8tzf7wry9hK","FALSE"
"66","107","1968","Song Of The Year","Mrs. Robinson","Simon And Garfunkel","Nominee","Simon & Garfunkel","Mrs. Robinson - From ""The Graduate"" Soundtrack","0iOZM63lendWRTTeKhZBSC","FALSE"
"67","108","1968","Song Of The Year","Little Green Apples","Roger Miller AND ALSO O.C. Smith","Winner","Roger Miller","Little Green Apples - Single Version","30jEnUWPJIt6zh25s2Kbh0","FALSE"
"68","112","1969","Record Of The Year","Spinning Wheel (Single)","Blood, Sweat And Tears","Nominee","Blood, Sweat & Tears","Spinning Wheel","0spSRHFS4zF4Imvz9sJcfL","FALSE"
"69","116","1969","Record Of The Year","A Boy Named Sue","Johnny Cash","Nominee","Johnny Cash","A Boy Named Sue - Live at San Quentin State Prison, San Quentin, CA - February 1969","5xMNjx7uqCzMpJZSo4Wq55","FALSE"
"70","118","1969","Song Of The Year","Raindrops Keep Fallin' On My Head","B.J. Thomas","Nominee","B.J. Thomas","Raindrops Keep Fallin' on My Head - Rerecorded","1oOnOS4xNZOMpCT0lKTNo2","FALSE"
"71","119","1969","Song Of The Year","I'll Never Fall In Love Again","Dionne Warwick","Nominee","Dionne Warwick","I'll Never Fall in Love Again","1MHgV79MSYE6ymNlGa3bRY","FALSE"
"72","120","1969","Song Of The Year","Games People Play","Joe South","Winner","Joe South","Games People Play","50t8gshcAtXiUdk7nHfYDp","FALSE"
"73","123","1970","Record Of The Year","Fire And Rain (Single)","James Taylor","Nominee","James Taylor","Fire and Rain - 2019 Remaster","1oht5GevPN9t1T3kG1m1GO","FALSE"
"74","124","1970","Record Of The Year","Everything Is Beautiful (Single)","Ray Stevens","Nominee","Ray Stevens","Everything Is Beautiful - 1970 #1 Billboard chart hit","3rrrMhc76FDnS4N7wu2KfH","FALSE"
"75","125","1970","Record Of The Year","Close To You","Carpenters","Nominee","Carpenters","(They Long To Be) Close To You","50q2aUjWoTn6CJIfSPRJQA","TRUE"
"76","133","1971","Record Of The Year","Theme From Shaft (Single)","Isaac Hayes","Nominee","Isaac Hayes","Theme From Shaft - Remastered","7KMILVTQdVS4zQ8ilTcpRO","FALSE"
"77","134","1971","Record Of The Year","My Sweet Lord (Single)","George Harrison","Nominee","George Harrison","My Sweet Lord - 2014 Remaster","6vE90mi4yKsQGY3YD2OOv1","FALSE"
"78","135","1971","Record Of The Year","Joy To The World (Single)","Three Dog Night","Nominee","Three Dog Night","Joy To The World","2ymeOsYijJz09LfKw3yM2x","FALSE"
"79","136","1971","Record Of The Year","It's Too Late","Carole King","Winner","Carole King","It's Too Late","12q3V8ShACq2PSWINMc2rC","FALSE"
"80","138","1971","Song Of The Year","Rose Garden","Bakersfield Brass","Nominee","Lynn Anderson","Rose Garden","5YwgJ6lpZ3SiAQwBEpjqey","TRUE"
"81","139","1971","Song Of The Year","Me And Bobby Mc Gee (Single)","Janis Joplin","Nominee","Marion La Marché","Me and Bobby Mc Gee - Cover Version","3wOLzoFxkaViEqy0bPpcSy","TRUE"
"82","141","1971","Song Of The Year","Help Me Make It Through The Night","Sammi Smith","Nominee","Sammi Smith","Help Me Make It Through The Night","2XWmbwp9FBAaFcSE9BLQzc","FALSE"
"83","142","1972","Record Of The Year","Without You (Single)","Nilsson","Nominee","Harry Nilsson","Without You","6MrILERJLA3Jcq0E9poZsp","TRUE"
"84","143","1972","Record Of The Year","The First Time Ever I Saw Your Face","Roberta Flack","Winner","Roberta Flack","The First Time Ever I Saw Your Face","0SxFyA4FqmEQqZVuAlg8lf","FALSE"
"85","144","1972","Record Of The Year","Song Sung Blue (Single)","Neil Diamond","Nominee","Neil Diamond","Song Sung Blue","57KfogSy3eKuk5JHLKwCJv","FALSE"
"86","145","1972","Record Of The Year","American Pie (Single)","Don McLean","Nominee","Don McLean","American Pie","1fDsrQ23eTAVFElUMaf38X","FALSE"
"87","146","1972","Record Of The Year","Alone Again (Naturally) (Single)","Gilbert O'Sullivan","Nominee","Gilbert O'Sullivan","Alone Again (Naturally)","6vuEG9sZtC4W2zT64f7zLF","FALSE"
"88","147","1972","Song Of The Year","The Summer Knows","Sarah Vaughan","Nominee","Sarah Vaughan","The Summer Knows","140aVXe6bCu6ZP1blwp8L4","FALSE"
"89","152","1973","Record Of The Year","You're So Vain (Single)","Carly Simon","Nominee","Carly Simon","You're so Vain","2DnJjbjNTV9Nd5NOa1KGba","FALSE"
"90","153","1973","Record Of The Year","You Are The Sunshine Of My Life (Single)","Stevie Wonder","Nominee","Stevie Wonder","You Are The Sunshine Of My Life","0n2pjCIMKwHSXoYfEbYMfX","FALSE"
"91","155","1973","Record Of The Year","Behind Closed Doors (Single)","Charlie Rich","Nominee","Charlie Rich","Behind Closed Doors","6d7Jz2np6jtNaZv1DiWfJs","FALSE"
"92","156","1973","Record Of The Year","Bad, Bad Leroy Brown (Single)","Jim Croce","Nominee","Jim Croce","Bad, Bad Leroy Brown","1O0xeZrBDbq7HPREdmYUYK","FALSE"
"93","159","1973","Song Of The Year","Tie A Yellow Ribbon Round The Ole Oak Tree (Single)","Tony Orlando And Dawn","Nominee","c(""The Dawn"", ""Tony Orlando"")","Tie a Yellow Ribbon Round the Ole Oak Tree (feat. Tony Orlando) - 1998 Remastered","7JtT1HIVoME3xvRGYjxJcb","FALSE"
"94","162","1974","Record Of The Year","Midnight At The Oasis (Single)","Maria Muldaur","Nominee","Maria Muldaur","Midnight at the Oasis","5VBcEJ4mtXTmVEJtc7hx2g","FALSE"
"95","163","1974","Record Of The Year","I Honestly Love You","Olivia Newton-John","Winner","c(""Olivia Newton-John"", ""Babyface"")","I Honestly Love You","2kCIwSz0JoYQPrT4Ykr1MZ","FALSE"
"96","164","1974","Record Of The Year","Help Me (Single)","Joni Mitchell","Nominee","Chaka Khan","Help Me - Live","7pbQk3fYg7w0jwBMg9j8Lg","TRUE"
"97","165","1974","Record Of The Year","Feel Like Makin' Love (Single)","Roberta Flack","Nominee","Roberta Flack","Feel Like Makin' Love","7gkboYtvhuXNS4EUwmFPcw","FALSE"
"98","166","1974","Record Of The Year","Don't Let The Sun Go Down On Me (Single)","Elton John","Nominee","Elton John","Don't Let The Sun Go Down On Me","11FcfHd3SOmmrWJPGe7Y30","FALSE"
"99","167","1974","Song Of The Year","You And Me Against The World","Helen Reddy and by Paul Williams","Nominee","c(""Paul Woolford"", ""Pessto"")","Can You Pay?","2sjwKudWZUa5Dyf7Fo842f","TRUE"
"100","168","1974","Song Of The Year","The Way We Were","Barbra Streisand","Winner","Barbra Streisand","The Way We Were","1vZTgn4JXWMahR8r99ug5H","FALSE"
"101","170","1974","Song Of The Year","I Honestly Love You (Single)","Olivia Newton-John","Nominee","c(""Olivia Newton-John"", ""Babyface"")","I Honestly Love You","2kCIwSz0JoYQPrT4Ykr1MZ","FALSE"
"102","173","1975","Record Of The Year","Mandy (Single)","Barry Manilow","Nominee","Barry Manilow","Mandy","6iXQrhhgBisdfvS34EMTZ3","FALSE"
"103","174","1975","Record Of The Year","Lyin' Eyes (Single)","Eagles","Nominee","Eagles","Lyin' Eyes - 2013 Remaster","5lQKRR3MdJLtAwNBiT8Cq0","FALSE"
"104","175","1975","Record Of The Year","Love Will Keep Us Together","Captain & Tennille","Winner","Captain & Tennille","Love Will Keep Us Together","4pCNJwixy2ImFncaPY2yE2","FALSE"
"105","176","1975","Record Of The Year","At Seventeen (Single)","Janis Ian","Nominee","Janis Ian","At Seventeen - Remastered","7wJpqjqk8QbHpCakY1ZacY","FALSE"
"106","177","1975","Song Of The Year","Send In The Clowns","Judy Collins","Winner","Judy Collins","Send in the Clowns","3evTbfCtMxbUwTQIn7QOcG","FALSE"
"107","179","1975","Song Of The Year","Love Will Keep Us Together","Captain & Tennille","Nominee","Captain & Tennille","Love Will Keep Us Together","4pCNJwixy2ImFncaPY2yE2","FALSE"
"108","180","1975","Song Of The Year","Feelings","Morris Albert","Nominee","Morris Albert","Feelings - Live","6DRjlgLTQPZ2dQIRIs7b0U","FALSE"
"109","182","1976","Record Of The Year","This Masquerade","George Benson","Winner","George Benson","This Masquerade - 2000 Remaster","7uhOlFq30tYkUZ70JwbRre","FALSE"
"110","183","1976","Record Of The Year","If You Leave Me Now (Single)","Chicago","Nominee","Chicago","If You Leave Me Now","0KMGxYKeUzK9wc5DZCt3HT","FALSE"
"111","185","1976","Record Of The Year","Afternoon Delight","Starland Vocal Band","Nominee","Starland Vocal Band","Afternoon Delight","1pBAsoHy7eN9aeVCTAiKua","FALSE"
"112","186","1976","Record Of The Year","50 Ways To Leave Your Lover (Single)","Paul Simon","Nominee","Paul Simon","50 Ways to Leave Your Lover","6Qb7gtV6Q4MnUjSbkFcopl","FALSE"
"113","187","1976","Song Of The Year","This Masquerade","George Benson","Nominee","George Benson","This Masquerade - 2000 Remaster","7uhOlFq30tYkUZ70JwbRre","FALSE"
"114","188","1976","Song Of The Year","The Wreck Of The Edmund Fitzgerald (Single)","Gordon Lightfoot","Nominee","Gordon Lightfoot","The Wreck of the Edmund Fitzgerald","536L9C0N7vhYdibCJx3cI2","FALSE"
"115","189","1976","Song Of The Year","I Write The Songs","Barry Manilow","Winner","Barry Manilow","I Write the Songs","12FZTFRyd4RBzvKf8RB0zO","FALSE"
"116","190","1976","Song Of The Year","Breaking Up Is Hard To Do (Single)","Neil Sedaka","Nominee","Neil Sedaka","Breaking Up Is Hard to Do","2x6pbpjVGjiWCcH89IK8AX","FALSE"
"117","192","1977","Record Of The Year","You Light Up My Life (Single)","Debby Boone","Nominee","Debby Boone","You Light Up My Life","3dFR132gzO8jxD57R2gid3","FALSE"
"118","194","1977","Record Of The Year","Hotel California","Eagles","Winner","Eagles","Hotel California - 2013 Remaster","40riOy7x9W7GXjyGp4pjAv","FALSE"
"119","195","1977","Record Of The Year","Don't It Make My Brown Eyes Blue (Single)","Crystal Gayle","Nominee","Crystal Gayle","Don't It Make My Brown Eyes Blue","7Jpclr7tZ6aQXjoKzWXUJV","FALSE"
"120","196","1977","Record Of The Year","Blue Bayou (Single)","Linda Ronstadt","Nominee","Linda Ronstadt","Blue Bayou","3zxklD2EGecZre9MjEEvIU","FALSE"
"121","197","1977","Song Of The Year","You Light Up My Life","Debby Boone","Winner","Debby Boone","You Light Up My Life","3dFR132gzO8jxD57R2gid3","FALSE"
"122","203","1978","Record Of The Year","You Needed Me (Single)","Anne Murray","Nominee","Anne Murray","You Needed Me","5d4E1hgkLyb7sXr5J3InnM","FALSE"
"123","204","1978","Record Of The Year","Stayin' Alive (Single)","Bee Gees","Nominee","Bee Gees","Stayin Alive","5ubvP9oKmxLUVq506fgLhk","FALSE"
"124","205","1978","Record Of The Year","Just The Way You Are","Billy Joel","Winner","Billy Joel","Just the Way You Are","49MHCPzvMLXhRjDantBMVH","FALSE"
"125","206","1978","Record Of The Year","Feels So Good (Single)","Chuck Mangione","Nominee","Chuck Mangione","Feels So Good","2M7EflZCPCqqRLB9hy5MDy","FALSE"
"126","207","1978","Record Of The Year","Baker Street (Single)","Gerry Rafferty","Nominee","Gerry Rafferty","Baker Street","5gOd6zDC8vhlYjqbQdJVWP","FALSE"
"127","209","1978","Song Of The Year","You Don't Bring Me Flowers","Barbra Streisand, Neil Diamond","Nominee","c(""Neil Diamond"", ""Barbra Streisand"")","You Don't Bring Me Flowers","7qmqeHzgNQTOnl1NUgRFO4","FALSE"
"128","210","1978","Song Of The Year","Three Times A Lady (Single)","Commodores","Nominee","Commodores","Three Times A Lady","4ztwMHfPZhPoruZdBbgriM","FALSE"
"129","214","1979","Record Of The Year","What A Fool Believes","The Doobie Brothers","Winner","The Doobie Brothers","What a Fool Believes","2yBVeksU2EtrPJbTu4ZslK","FALSE"
"130","215","1979","Record Of The Year","The Gambler (Single)","Kenny Rogers","Nominee","Kenny Rogers","The Gambler","5KqldkCunQ2rWxruMEtGh0","FALSE"
"131","216","1979","Record Of The Year","I Will Survive (Single)","Gloria Gaynor","Nominee","Gloria Gaynor","I Will Survive - Single Version","7cv28LXcjAC3GsXbUvXKbX","FALSE"
"132","217","1979","Record Of The Year","After The Love Has Gone","Earth, Wind & Fire","Nominee","Earth, Wind & Fire","After the Love Has Gone","3cfnGXJ9bmiWvFqEO6ff8B","FALSE"
"133","220","1979","Song Of The Year","Reunited (Single)","Peaches And Herb","Nominee","Peaches & Herb","Reunited","7wbPfd2mXbStoZZSnHNd2V","FALSE"
"134","221","1979","Song Of The Year","Minute By Minute (Single)","The Doobie Brothers","Nominee","The Doobie Brothers","Minute by Minute","37oLDb3119IdKSIFQmSGRj","FALSE"
"135","223","1979","Song Of The Year","Honesty (Single)","Billy Joel","Nominee","Billy Joel","Honesty","34E0Higz6fFVXlbVsn6TIW","FALSE"
"136","224","1979","Song Of The Year","Chuck E.'s In Love","Rickie Lee Jones","Nominee","Rickie Lee Jones","Chuck E's in Love - 45 Version","3F1MiFu5a1Y3Z9dQZhLTAo","FALSE"
"137","225","1979","Song Of The Year","After The Love Has Gone (Single)","Earth Wind And Fire","Nominee","Earth, Wind & Fire","After the Love Has Gone","3cfnGXJ9bmiWvFqEO6ff8B","FALSE"
"138","228","1980","Record Of The Year","The Rose (Single)","Bette Midler","Nominee","Bette Midler","The Rose","562JrM9b7jiu8LgzV62x3o","FALSE"
"139","229","1980","Record Of The Year","Sailing","Christopher Cross","Winner","Christopher Cross","Sailing","4ogaI0XfmAunA0LyjveMSF","FALSE"
"140","236","1980","Song Of The Year","Fame (Single)","Irene Cara","Nominee","Irene Cara","Fame","5CI1FP2Volc9wjz2MBZsGx","FALSE"
"141","237","1981","Record Of The Year","Just The Two Of Us","Grover Washington Jr.","Nominee","c(""Grover Washington, Jr."", ""Bill Withers"")","Just the Two of Us (feat. Bill Withers)","1ko2lVN0vKGUl9zrU0qSlT","FALSE"
"142","238","1981","Record Of The Year","Endless Love (Single)","Diana Ross","Nominee","c(""Lionel Richie"", ""Diana Ross"")","Endless Love - From ""The Endless Love"" Soundtrack","0rt0dZ11FVsvprbarag5tk","FALSE"
"143","239","1981","Record Of The Year","Bette Davis Eyes","Kim Carnes","Winner","Kim Carnes","Bette Davis Eyes","0odIT9B9BvOCnXfS0e4lB5","FALSE"
"144","240","1981","Record Of The Year","Arthur's Theme (Best That You Can Do)","Christopher Cross","Nominee","Christopher Cross","Arthur's Theme (Best That You Can Do)","5fnOrhQ4KgT5irGCjIccGH","FALSE"
"145","241","1981","Record Of The Year","(Just Like) Starting Over (Single)","John Lennon","Nominee","John Lennon","Imagine - Remastered 2010","7pKfPomDEeI4TPT6EOYjn9","TRUE"
"146","242","1981","Song Of The Year","Just The Two Of Us (Single)","Grover Washington Jr. With Bill Withers","Nominee","c(""Grover Washington, Jr."", ""Bill Withers"")","Just the Two of Us (feat. Bill Withers)","1ko2lVN0vKGUl9zrU0qSlT","FALSE"
"147","243","1981","Song Of The Year","Endless Love (Single)","Diana Ross And Lionel Richie","Nominee","Glee Cast","Endless Love - Cover of Diana Ross and Lionel Richie","5DhftCV13yWdMeUVLq0eoh","TRUE"
"148","246","1981","Song Of The Year","9 To 5","Dolly Parton","Nominee","Dolly Parton","9 to 5","4w3tQBXhn5345eUXDGBWZG","FALSE"
"149","247","1982","Record Of The Year","Rosanna","Toto","Winner","TOTO","Rosanna","37BTh5g05cxBIRYMbw8g2T","TRUE"
"150","248","1982","Record Of The Year","Steppin' Out (Single)","Joe Jackson","Nominee","Joe Jackson","Steppin' Out","2KY0QUeRY3IPuJI1gyU9BJ","FALSE"
"151","249","1982","Record Of The Year","Ebony And Ivory (Single)","Paul McCartney","Nominee","Paul McCartney","Ebony And Ivory - Remixed 2015","3fVSMbeq8tY3G85yxcJwRU","FALSE"
"152","250","1982","Record Of The Year","Chariots Of Fire","Vangelis","Nominee","Vangelis","Chariots Of Fire","3zmXCcrMKpGho2sTRZG1Ux","FALSE"
"153","251","1982","Record Of The Year","Always On My Mind (Single)","Willie Nelson","Nominee","Willie Nelson","Always On My Mind","2xYQTU2bbg6WVAmpY1eae4","FALSE"
"154","252","1982","Song Of The Year","Rosanna","Toto","Nominee","TOTO","Rosanna","37BTh5g05cxBIRYMbw8g2T","TRUE"
"155","253","1982","Song Of The Year","I.G.Y. (What A Beautiful World) (Single)","Donald Fagen","Nominee","Donald Fagen","I.G.Y.","6bzwsAtj4TqaBysLDrGiO3","FALSE"
"156","254","1982","Song Of The Year","Eye Of The Tiger (Single)","Survivor","Nominee","Survivor","Eye of the Tiger","2KH16WveTQWT6KOG9Rg6e2","FALSE"
"157","255","1982","Song Of The Year","Ebony And Ivory (Single)","Paul McCartney And Stevie Wonder","Nominee","c(""Paul McCartney"", ""Stevie Wonder"")","Ebony And Ivory - 2022 Remaster","6rbDUAZ8TsI0SXLx7w9Uoa","FALSE"
"158","256","1982","Song Of The Year","Always On My Mind","Willie Nelson","Winner","Willie Nelson","Always On My Mind","2xYQTU2bbg6WVAmpY1eae4","FALSE"
"159","257","1983","Record Of The Year","Maniac (Single)","Michael Sembello","Nominee","Michael Sembello","Maniac","0QKfiqpEU4h9ycPSzIFwYe","FALSE"
"160","259","1983","Record Of The Year","Every Breath You Take (Single)","The Police","Nominee","The Police","Every Breath You Take","1JSTJqkT5qHq8MDJnJbRE1","FALSE"
"161","260","1983","Record Of The Year","Beat It","Michael Jackson","Winner","Michael Jackson","Beat It","1OOtq8tRnDM8kG2gqUPjAj","FALSE"
"162","261","1983","Record Of The Year","All Night Long (All Night) (Single)","Lionel Richie","Nominee","Lionel Richie","All Night Long - Single Version","4giIdAr7Plyu5LQzBOR4FP","FALSE"
"163","263","1983","Song Of The Year","Every Breath You Take","The Police","Winner","The Police","Every Breath You Take","1JSTJqkT5qHq8MDJnJbRE1","FALSE"
"164","264","1983","Song Of The Year","Billie Jean (Single)","Michael Jackson","Nominee","Michael Jackson","Billie Jean","5ChkMS8OtdzJeqyybCc9R5","FALSE"
"165","267","1984","Record Of The Year","What's Love Got To Do With It","Tina Turner","Winner","Tina Turner","What's Love Got to Do with It - 2015 Remaster","3ErsOxqe2RmXkR65wkygDz","FALSE"
"166","268","1984","Record Of The Year","The Heart Of Rock And Roll (Single)","Huey Lewis","Nominee","Huey Lewis & The News","The Heart Of Rock And Roll","0o4e5Tt4vorx2012FrGIjV","FALSE"
"167","270","1984","Record Of The Year","Girls Just Want To Have Fun (Single)","Cyndi Lauper","Nominee","Cyndi Lauper","Girls Just Want to Have Fun","4y1LsJpmMti1PfRQV9AWWe","FALSE"
"168","271","1984","Record Of The Year","Dancing In The Dark (Single)","Bruce Springsteen","Nominee","Bruce Springsteen","Dancing In the Dark","7FwBtcecmlpc1sLySPXeGE","FALSE"
"169","276","1984","Song Of The Year","Against All Odds (Take A Look At Me Now) (Single)","Phil Collins","Nominee","Phil Collins","Against All Odds (Take a Look at Me Now) - 2016 Remaster","63CHa6rmamv9OsehkRD8oz","FALSE"
"170","277","1985","Record Of The Year","We Are The World","USA For Africa (Various Artists)","Winner","Fernando Pereira","We Are the World Usa for Africa","7p1G7n72t0XpGeGUfJqn0Z","TRUE"
"171","278","1985","Record Of The Year","The Boys Of Summer (Single)","Don Henley","Nominee","Don Henley","The Boys Of Summer","4gvea7UlDkAvsJBPZAd4oB","FALSE"
"172","279","1985","Record Of The Year","Money For Nothing (Single)","Dire Straits","Nominee","Dire Straits","Money for Nothing","4yqtwO7MQIIXqoiRBPHAgR","FALSE"
"173","282","1985","Song Of The Year","We Are The World","USA For Africa - Various Artists","Winner","U.S.A. For Africa","We Are The World","3Z2tPWiNiIpg8UMMoowHIk","FALSE"
"174","285","1985","Song Of The Year","I Want To Know What Love Is (Single)","Foreigner","Nominee","Foreigner","I Want to Know What Love Is - 1999 Remaster","1JLn8RhQzHz3qDqsChcmBl","FALSE"
"175","286","1985","Song Of The Year","Everytime You Go Away (Single)","Paul Young","Nominee","Paul Young","Everytime You Go Away","0IpfTMKENGLJcULkMnU8Rb","FALSE"
"176","288","1986","Record Of The Year","Sledgehammer (Single)","Peter Gabriel","Nominee","Peter Gabriel","Sledgehammer - 2012 Remaster","4AUS8KNz7zX8XFu9L38GT0","FALSE"
"177","289","1986","Record Of The Year","Higher Love","Steve Winwood","Winner","Steve Winwood","Higher Love","4ZExvJvQXPEeYzGU0N3THi","FALSE"
"178","290","1986","Record Of The Year","Greatest Love Of All (Single)","Whitney Houston","Nominee","Whitney Houston","Greatest Love of All","6yJxCltgtmGxIgKOS6ndnu","FALSE"
"179","291","1986","Record Of The Year","Addicted To Love","Robert Palmer","Nominee","c(""Robert Palmer"", ""Eric 'ET' Thorngren"")","Addicted To Love","5izGeTxueiFX1UPFGohY9w","FALSE"
"180","292","1986","Song Of The Year","That's What Friends Are For","Dionne Warwick, Elton John, Gladys Knight & Stevie Wonder","Winner","c(""Dionne Warwick"", ""Elton John"", ""Gladys Knight"", ""Stevie Wonder"")","That's What Friends Are For (with Elton John, Gladys Knight & Stevie Wonder)","1cOj24fUMnBSXhtp7waHVW","FALSE"
"181","294","1986","Song Of The Year","Higher Love (Single)","Steve Winwood","Nominee","Steve Winwood","Higher Love","4ZExvJvQXPEeYzGU0N3THi","FALSE"
"182","297","1987","Record Of The Year","Luka (Single)","Suzanne Vega","Nominee","Suzanne Vega","Luka","5yMXAaSvxo12QkYU75Ixv0","FALSE"
"183","298","1987","Record Of The Year","La Bamba","Los Lobos","Nominee","Los Lobos","La Bamba","0uMMLry3hzWGn3q3loqMkm","FALSE"
"184","299","1987","Record Of The Year","I Still Haven't Found What I'm Looking For (Single)","U2","Nominee","U2","I Still Haven't Found What I'm Looking For","6wpGqhRvJGNNXwWlPmkMyO","FALSE"
"185","300","1987","Record Of The Year","Graceland","Paul Simon","Winner","Paul Simon","Graceland","51KKQAgYFoJHgVIuJWHdHb","FALSE"
"186","302","1987","Song Of The Year","Somewhere Out There","Linda Ronstadt & James Ingram","Winner","Various Artists","Somewhere Out There (Originally by James Ingram feat. Linda Ronstadt)","0D2ZsTpMQFY0po4VrW5BtE","TRUE"
"187","309","1988","Record Of The Year","Giving You The Best That I Got (Single)","Anita Baker","Nominee","Anita Baker","Giving You the Best That I Got (Single Version)","3qN37rGyfEs8qnCvRiWEhJ","FALSE"
"188","310","1988","Record Of The Year","Fast Car (Single)","Tracy Chapman","Nominee","Tracy Chapman","Fast Car","2M9ro2krNb7nr7HSprkEgo","FALSE"
"189","311","1988","Record Of The Year","Don't Worry Be Happy","Bobby McFerrin","Winner","Bobby McFerrin","Don't Worry Be Happy","4hObp5bmIJ3PP3cKA9K9GY","FALSE"
"190","312","1988","Song Of The Year","Piano In The Dark (Single)","Brenda Russell","Nominee","Brenda Russell","Piano In The Dark","70RPjUR5l0jmBQndfNXP0z","FALSE"
"191","316","1988","Song Of The Year","Be Still My Beating Heart (Single)","Sting","Nominee","Sting","Be Still My Beating Heart","58me6gfG81fNG4v3dpRhh5","FALSE"
"192","317","1989","Record Of The Year","Wind Beneath My Wings","Bette Midler","Winner","Bette Midler","Wind Beneath My Wings","2Pxqs0WmxxHTV5QaTdmt3Q","FALSE"
"193","319","1989","Record Of The Year","The Living Years (Single)","Mike And The Mechanics","Nominee","Mike + The Mechanics","The Living Years","7tJnjRY2js0yXtNUWE4fgF","FALSE"
"194","321","1989","Record Of The Year","She Drives Me Crazy (Single)","Fine Young Cannibals","Nominee","Fine Young Cannibals","She Drives Me Crazy","4d6eqRtpDX7tydHJGDZUBQ","FALSE"
"195","326","1989","Song Of The Year","Don't Know Much (Single)","Linda Ronstadt, Aaron Neville","Nominee","c(""Linda Ronstadt"", ""Aaron Neville"")","Don't Know Much (with Aaron Neville)","5z3ZDMP02xF33yCvPFnct3","FALSE"
"196","327","1990","Record Of The Year","Vision Of Love (Single)","Mariah Carey","Nominee","Mariah Carey","Vision of Love","0gLQ6jhJsyYfl7PrD1RZ7X","FALSE"
"197","328","1990","Record Of The Year","U Can't Touch This (Single)","M.C. Hammer","Nominee","MC Hammer","U Can't Touch This","1B75hgRqe7A4fwee3g3Wmu","FALSE"
"198","329","1990","Record Of The Year","Nothing Compares 2 U (Single)","Sinéad O'Connor","Nominee","Sinéad O'Connor","Nothing Compares 2 U","5GHY1DFWKz3Prg2V0Iodqo","FALSE"
"199","331","1990","Record Of The Year","Another Day In Paradise","Phil Collins","Winner","Phil Collins","Another Day in Paradise - 2016 Remaster","1NCuYqMc8hKMb4cpNTcJbD","FALSE"
"200","333","1990","Song Of The Year","Nothing Compares 2 U (Single)","Sinead O'Connor","Nominee","Sinéad O'Connor","Nothing Compares 2 U","5GHY1DFWKz3Prg2V0Iodqo","FALSE"
"201","334","1990","Song Of The Year","Hold On (Single)","Wilson Phillips","Nominee","Wilson Phillips","Hold On","4VZDv8sASBS8UruUBGTFdk","FALSE"
"202","337","1991","Record Of The Year","Unforgettable","Natalie Cole (With Nat ""King"" Cole)","Winner","c(""Natalie Cole"", ""Nat King Cole"")","Unforgettable","2MVQbDuhVs2muWFURtIdNb","FALSE"
"203","338","1991","Record Of The Year","Something To Talk About (Single)","Bonnie Raitt","Nominee","Bonnie Raitt","Something To Talk About","6Ceejf3zBXvAhIY9DbP1Pr","FALSE"
"204","339","1991","Record Of The Year","Losing My Religion","R.E.M.","Nominee","R.E.M.","Losing My Religion","31AOj9sFz2gM0O3hMARRBx","FALSE"
"205","340","1991","Record Of The Year","Baby Baby (Single)","Amy Grant","Nominee","Amy Grant","Baby, Baby","3IDsegNBHC4pjGCOMTQYlU","FALSE"
"206","341","1991","Record Of The Year","(Everything I Do) I Do It For You","Bryan Adams","Nominee","Bryan Adams","Summer Of '69","0GONea6G2XdnHWjNZd6zt3","TRUE"
"207","342","1991","Song Of The Year","Walking In Memphis","Marc Cohn","Nominee","Marc Cohn","Walking in Memphis","5fgkjhICZnqFctrV0AyuQD","FALSE"
"208","343","1991","Song Of The Year","Unforgettable","Natalie Cole [With Nat ""King"" Cole]","Winner","c(""Natalie Cole"", ""Nat King Cole"")","Unforgettable","2MVQbDuhVs2muWFURtIdNb","FALSE"
"209","347","1992","Record Of The Year","Tears In Heaven","Eric Clapton","Winner","Eric Clapton","Tears in Heaven - Acoustic Live","3UqHlIBI771FNCiLY5MKrp","FALSE"
"210","348","1992","Record Of The Year","Save The Best For Last (Single)","Vanessa Williams","Nominee","Vanessa Williams","Save The Best For Last","7okbmgA8lRBGl5limZ7LFM","FALSE"
"211","349","1992","Record Of The Year","Constant Craving (Single)","k.d. lang","Nominee","k.d. lang","Constant Craving","0wCrg1LhgPcGMw51qqpI6k","FALSE"
"212","350","1992","Record Of The Year","Beauty And The Beast (Single)","Celine Dion","Nominee","c(""Céline Dion"", ""Peabo Bryson"")","Beauty and the Beast - from the Soundtrack ""Beauty and the Beast""","7B3UAPLYAbwXVgbHSKEaTw","TRUE"
"213","351","1992","Record Of The Year","Achy Breaky Heart (Single)","Billy Ray Cyrus","Nominee","Billy Ray Cyrus","Achy Breaky Heart","2EoIt9vdgFRNW03u5IvFsQ","FALSE"
"214","355","1992","Song Of The Year","Beauty And The Beast (Single)","Celine Dion And Peabo Bryson","Nominee","c(""Céline Dion"", ""Peabo Bryson"")","Beauty and the Beast - from the Soundtrack ""Beauty and the Beast""","7B3UAPLYAbwXVgbHSKEaTw","TRUE"
"215","359","1993","Record Of The Year","I Will Always Love You","Whitney Houston","Winner","Whitney Houston","I Will Always Love You","4eHbdreAnSOrDDsFfc4Fpm","FALSE"
"216","360","1993","Record Of The Year","Harvest Moon (Single)","Neil Young","Nominee","Old Man With A Heart of Gold Under A Harvest Moon","Harvest Moon","1jcHzPuNvWCCWd9tBFhfmc","TRUE"
"217","361","1993","Record Of The Year","A Whole New World (Aladdin's Theme) (Single)","Peabo Bryson","Nominee","c(""Peabo Bryson"", ""Regina Belle"")","A Whole New World (Aladdin's Theme)","4tS8xQfyPGc7f4lJ1JP6BX","FALSE"
"218","364","1993","Song Of The Year","I'd Do Anything For Love (But I Won't Do That) (Single)","Meat Loaf","Nominee","Meat Loaf","I'd Do Anything For Love (But I Won't Do That) - Single Edit","391CwgcBxvUHmEKda2b5In","FALSE"
"219","366","1993","Song Of The Year","A Whole New World (Aladdin's Theme)","Peabo Bryson & Regina Belle","Winner","歌っちゃ王","A Whole New World -1Key(原曲歌手:Peabo Bryson & Regina Belle)","66AH01pmBISQnpS6qKVJQq","TRUE"
"220","369","1994","Record Of The Year","I'll Make Love To You (Single)","Boyz II Men","Nominee","Boyz II Men","I'll Make Love To You","61sQYdFNS6sEBYCyr1q5gn","FALSE"
"221","370","1994","Record Of The Year","He Thinks He'll Keep Her (Single)","Mary Chapin Carpenter","Nominee","Mary Chapin Carpenter","He Thinks He'll Keep Her","5ANnHcFKjGAC98A7Qkaepd","FALSE"
"222","371","1994","Record Of The Year","All I Wanna Do","Sheryl Crow","Winner","Sheryl Crow","All I Wanna Do","3ZpQiJ78LKINrW9SQTgbXd","FALSE"
"223","372","1994","Song Of The Year","Streets Of Philadelphia","Bruce Springsteen","Winner","Bruce Springsteen","Streets of Philadelphia - Single Edit","3fbnbn6A5O5RNb08tlUEgd","FALSE"
"224","373","1994","Song Of The Year","I Swear (Single)","All 4 One (And Separately","Nominee","All-4-One","I Swear","4WUnM4KNZ0kjp0CUeoyOnS","FALSE"
"225","376","1994","Song Of The Year","All I Wanna Do (Single)","Sheryl Crow","Nominee","Sheryl Crow","All I Wanna Do","3ZpQiJ78LKINrW9SQTgbXd","FALSE"
"226","377","1995","Record Of The Year","Waterfalls (Single)","TLC","Nominee","TLC","Waterfalls","6qspW4YKycviDFjHBOaqUY","FALSE"
"227","379","1995","Record Of The Year","One Of Us (Single)","Joan Osborne","Nominee","Joan Osborne","One Of Us","1xNmF1Uep5OGutizZSbKvd","FALSE"
"228","380","1995","Record Of The Year","Kiss From A Rose","Seal","Winner","Seal","Kiss from a Rose","3YKptz29AsOlm7WAVnztBh","FALSE"
"229","381","1995","Record Of The Year","Gangsta's Paradise (Single)","Coolio","Nominee","c(""Coolio"", ""L.V."")","Gangsta's Paradise","1DIXPcTDzTj8ZMHt3PDt8p","FALSE"
"230","382","1995","Song Of The Year","You Oughta Know (Track)","Alanis Morissette","Nominee","Alanis Morissette","You Oughta Know - 2015 Remaster","3jS7bB0oXVOwGFZn3aE5NV","FALSE"
"231","386","1995","Song Of The Year","I Can Love You Like That (Single)","All-4-One (also","Nominee","All-4-One","I Can Love You Like That","70d8omRI2p7qesFOiy55Ro","FALSE"
"232","391","1996","Record Of The Year","1979 (Track)","The Smashing Pumpkins","Nominee","The Smashing Pumpkins","1979 - Remastered 2012","5QLHGv0DfpeXLNFo7SFEy1","FALSE"
"233","394","1996","Song Of The Year","Change The World","Eric Clapton AND ALSO Wynonna","Winner","Eric Clapton","Change the World","5Ds0VGkTSQ1jf4KzLUpZPb","FALSE"
"234","395","1996","Song Of The Year","Blue (Track)","LeAnn Rimes","Nominee","LeAnn Rimes","Blue","1g5EcKDECPxeI7kgkvcbxm","FALSE"
"235","397","1997","Record Of The Year","Where Have All The Cowboys Gone? (Track)","Paula Cole","Nominee","Paula Cole","Where Have All the Cowboys Gone?","2ck13qfgRZ1msyEJlDqzvk","FALSE"
"236","398","1997","Record Of The Year","Sunny Came Home","Shawn Colvin","Winner","Shawn Colvin","Sunny Came Home","4mOxpj82q6n3EO7HBZCelX","FALSE"
"237","399","1997","Record Of The Year","Mmmbop (Single)","Hanson","Nominee","Hanson","MMMBop","0lnxrQAd9ZxbhBBe7d8FO8","TRUE"
"238","400","1997","Record Of The Year","I Believe I Can Fly (Single)","R. Kelly","Nominee","R. Kelly","I Believe I Can Fly - Radio Edit","2KeRxlnuTrK1d5l5Mpa5De","FALSE"
"239","405","1997","Song Of The Year","How Do I Live (Single)","LeAnn Rimes And Trisha Yearwood","Nominee","The All-Star Romance Players","How Do I Live (as made famous by Trisha Yearwood & LeAnn Rimes)","1mL2Vd3epaE3QbWEoSdmbf","TRUE"
"240","406","1997","Song Of The Year","Don't Speak (Track)","No Doubt","Nominee","No Doubt","Don't Speak","6urCAbunOQI4bLhmGpX7iS","FALSE"
"241","407","1998","Record Of The Year","You're Still The One (Single)","Shania Twain","Nominee","Shania Twain","You're Still The One","1wb4P4F0sxAQ2KXrRvsx6n","FALSE"
"242","408","1998","Record Of The Year","The Boy Is Mine (Track)","Brandy","Nominee","c(""Brandy"", ""Monica"")","The Boy Is Mine","6sHsXIJoEN5JpdkGMQDJxt","FALSE"
"243","409","1998","Record Of The Year","Ray Of Light (Single)","Madonna","Nominee","Madonna","Ray of Light","4Fpsa3pYc3gozrxHRRPvR6","FALSE"
"244","410","1998","Record Of The Year","My Heart Will Go On (Love Theme From Titanic)","Celine Dion","Winner","Céline Dion","My Heart Will Go On - Love Theme from ""Titanic""","33LC84JgLvK2KuW43MfaNq","FALSE"
"245","411","1998","Record Of The Year","Iris (Track)","Goo Goo Dolls","Nominee","The Goo Goo Dolls","Iris","6Qyc6fS4DsZjB2mRW9DsQs","FALSE"
"246","414","1998","Song Of The Year","Lean On Me (Track)","Kirk Franklin With Mary J. Blige, R. Kelly, Bono, Crystal Lewis And The Family","Nominee","c(""Kirk Franklin"", ""The Family"")","Lean On Me","4IyemaA2yUElYlOiCV1vGC","FALSE"
"247","416","1998","Song Of The Year","I Don't Want To Miss A Thing (Track)","Aerosmith","Nominee","Aerosmith","I Don't Want To Miss A Thing - From ""Armageddon"" Soundtrack","5qlJg0Wbj3sslxfwiaRNpq","FALSE"
"248","417","1999","Record Of The Year","Smooth","Santana","Winner","c(""Santana"", ""Rob Thomas"")","Smooth (feat. Rob Thomas)","0n2SEXB2qoRQg171q7XqeW","FALSE"
"249","419","1999","Record Of The Year","Livin' La Vida Loca (Track)","Ricky Martin","Nominee","Ricky Martin","Livin' la Vida Loca","0Ph6L4l8dYUuXFmb71Ajnd","FALSE"
"250","420","1999","Record Of The Year","I Want It That Way (Track)","Backstreet Boys","Nominee","c(""90's 80's Pop Hits"", ""80-90's Top Pop Hits"", ""80's-90's MTV Pop Hits"")","I Want It That Way - Backstreet Boys Edit","2X63WqOju5kZlFB1zoA1ar","TRUE"
"251","421","1999","Record Of The Year","Believe (Single)","Cher","Nominee","Cher","Believe","2goLsvvODILDzeeiT4dAoR","FALSE"
"252","424","1999","Song Of The Year","Smooth","Santana Featuring Rob Thomas","Winner","The Karaoke Crew","Smooth (As Made Famous by Santana Featuring Rob Thomas)","4LFAij97vWFISgjMY9FrPh","TRUE"
"253","427","2000","Record Of The Year","Say My Name (Single)","Destiny's Child","Nominee","Destiny's Child","Say My Name","7H6ev70Weq6DdpZyyTmUXk","FALSE"
"254","429","2000","Record Of The Year","I Try (Single)","Macy Gray","Nominee","Macy Gray","I Try","5TAf4lnZCZTLlZHNZMLFLi","FALSE"
"255","430","2000","Record Of The Year","Bye Bye Bye (Track)","N Sync","Nominee","*NSYNC","Bye Bye Bye","62bOmKYxYg7dhrC6gH9vFn","TRUE"
"256","431","2000","Record Of The Year","Beautiful Day","U2","Winner","U2","Beautiful Day","1VuBmEauSZywQVtqbxNqka","FALSE"
"257","434","2000","Song Of The Year","I Hope You Dance (Single)","Lee Ann Womack","Nominee","Lee Ann Womack","I Hope You Dance","65B1tEOv5W294uCKbmEcFV","FALSE"
"258","435","2000","Song Of The Year","Breathe (Single)","Faith Hill","Nominee","Faith Hill","Breathe","3y4LxiYMgDl4RethdzpmNe","FALSE"
"259","436","2000","Song Of The Year","Beautiful Day","Bono, Adam Clayton, Edge & Larry Mullen Jr.","Winner","U2","Beautiful Day","1VuBmEauSZywQVtqbxNqka","TRUE"
"260","438","2001","Record Of The Year","Drops Of Jupiter","Train","Nominee","Train","Drops of Jupiter (Tell Me)","2hKdd3qO7cWr2Jo0Bcs0MA","FALSE"
"261","439","2001","Record Of The Year","Ms. Jackson","OutKast","Nominee","Outkast","Ms. Jackson","0I3q5fE6wg7LIfHGngUTnV","FALSE"
"262","440","2001","Record Of The Year","Fallin'","Alicia Keys","Nominee","Alicia Keys","Fallin'","0KQx6HOpJueiSkztcS0r7D","FALSE"
"263","441","2001","Record Of The Year","Video","India.Arie","Nominee","India.Arie","Video","4oiAlcisfimXQc1wyAtX9a","FALSE"
"264","443","2001","Song Of The Year","Stuck In A Moment You Can't Get Out Of","Bono, Adam Clayton, The Edge & Larry Mullen, Jr.","Nominee","U2","Stuck In A Moment You Can't Get Out Of","3xjTuTBaihydhSC7ByNoSb","TRUE"
"265","444","2001","Song Of The Year","I'm Like A Bird","Nelly Furtado","Nominee","Nelly Furtado","I'm Like A Bird","2aGw77pZqli064JiPuXYRi","FALSE"
"266","445","2001","Song Of The Year","Fallin'","Alicia Keys","Winner","Alicia Keys","Fallin'","0KQx6HOpJueiSkztcS0r7D","FALSE"
"267","447","2002","Record Of The Year","How You Remind Me","Nickelback","Nominee","Nickelback","How You Remind Me","0gmbgwZ8iqyMPmXefof8Yf","FALSE"
"268","448","2002","Record Of The Year","Dilemma","Nelly","Nominee","c(""Nelly"", ""Kelly Rowland"")","Dilemma","0ARK753YaiJbpLUk7z5yIM","FALSE"
"269","449","2002","Record Of The Year","Don't Know Why","Norah Jones","Winner","Norah Jones","Don't Know Why","1zNXF2svmdlNxfS5XeNUgr","FALSE"
"270","450","2002","Record Of The Year","Without Me","Eminem","Nominee","Eminem","Without Me","7lQ8MOhq6IN2w8EYcFNSUk","FALSE"
"271","451","2002","Record Of The Year","A Thousand Miles","Vanessa Carlton","Nominee","Vanessa Carlton","A Thousand Miles","4w1lzcaoZ1IC2K5TwjalRP","FALSE"
"272","452","2002","Song Of The Year","Where Were You (When The World Stopped Turning)","Alan Jackson","Nominee","Alan Jackson","Where Were You (When the World Stopped Turning)","4aOQG9TYcZOhT3sngkMI9K","FALSE"
"273","456","2002","Song Of The Year","Complicated","Avril Lavigne","Nominee","Avril Lavigne","Complicated","5xEM5hIgJ1jjgcEBfpkt2F","FALSE"
"274","459","2003","Record Of The Year","Clocks","Coldplay","Winner","Coldplay","Clocks","0BCPKOYdS2jbQ8iyB56Zns","FALSE"
"275","460","2003","Record Of The Year","Where Is The Love","The Black Eyed Peas & <a href=""/artists/justin-timberlake/15478"">Justin Timberlake</a>","Nominee","Black Eyed Peas","Where Is The Love?","0xmjwnQ3FNE6HuWCt2nHdZ","TRUE"
"276","461","2003","Record Of The Year","Crazy In Love","Beyoncé Featuring <a href=""/artists/jay-z/9815"">Jay-Z</a>","Nominee","c(""Beyoncé"", ""JAY-Z"")","Crazy In Love (feat. Jay-Z)","5IVuqXILoxVWvWEPm82Jxr","FALSE"
"277","463","2003","Song Of The Year","Keep Me In Your Heart","Warren Zevon","Nominee","Warren Zevon","Keep Me in Your Heart","1zSzJAosfqJugLx7mZl5xt","FALSE"
"278","465","2003","Song Of The Year","Dance With My Father","Luther Vandross","Winner","Luther Vandross","Dance With My Father","7snmvZMLdGGk3l9PcvoYSM","FALSE"
"279","466","2003","Song Of The Year","Beautiful","Christina Aguilera","Nominee","Christina Aguilera","Beautiful","3TCauNPqFiniaYHBvEVoHG","FALSE"
"280","467","2004","Record Of The Year","Yeah!","Usher","Nominee","c(""Usher"", ""Lil Jon"", ""Ludacris"")","Yeah! (feat. Lil Jon & Ludacris)","5rb9QrpfcKFHM1EUbSIurX","FALSE"
"281","468","2004","Record Of The Year","Heaven","Los Lonely Boys","Nominee","Los Lonely Boys","Heaven","1XcUn5PE9d42zWamWgRG2x","FALSE"
"282","469","2004","Record Of The Year","American Idiot","Green Day","Nominee","Green Day","American Idiot","6nTiIhLmQ3FWhvrGafw2zj","FALSE"
"283","470","2004","Record Of The Year","Here We Go Again","Ray Charles","Winner","c(""Ray Charles"", ""Norah Jones"")","Here We Go Again","5wfCY08QVWdUaigsFv9IkZ","FALSE"
"284","471","2004","Record Of The Year","Let's Get It Started","The Black Eyed Peas","Nominee","Black Eyed Peas","Let's Get It Started - Spike Mix","4hfIVhq0F0zFUcrbecsYmo","FALSE"
"285","472","2004","Song Of The Year","The Reason","Hoobastank","Nominee","Hoobastank","The Reason","77loZpT5Y5PRP1S451P9Yz","FALSE"
"286","473","2004","Song Of The Year","Live Like You Were Dying","Tim McGraw","Nominee","Tim McGraw","Live Like You Were Dying","7B1QliUMZv7gSTUGAfMRRD","FALSE"
"287","474","2004","Song Of The Year","Jesus Walks","Kanye West","Nominee","Kanye West","Jesus Walks","5g1vtHqi9uV7xtYeCcFOBx","FALSE"
"288","476","2004","Song Of The Year","Daughters","John Mayer","Winner","John Mayer","Daughters","5FPnjikbwlDMULCCCa6ZCJ","FALSE"
"289","478","2005","Record Of The Year","Hollaback Girl","Gwen Stefani","Nominee","Gwen Stefani","Hollaback Girl","0LzrhCZFXW94Y8nwtTuRlw","FALSE"
"290","479","2005","Record Of The Year","Boulevard Of Broken Dreams","Green Day","Winner","Green Day","Boulevard of Broken Dreams","5GorCbAP4aL0EJ16frG2hd","FALSE"
"291","480","2005","Record Of The Year","Feel Good Inc.","Gorillaz","Nominee","Gorillaz","Feel Good Inc.","0d28khcov6AiegSCpG5TuT","FALSE"
"292","484","2005","Song Of The Year","Ordinary People","John Legend","Nominee","John Legend","Ordinary People","2ZA4uMlSZjaoWGFqP1tsLI","FALSE"
"293","486","2005","Song Of The Year","Bless The Broken Road","Rascal Flatts","Nominee","Rascal Flatts","Bless The Broken Road","4YjjNHtEsTX6Af4mCTupT5","FALSE"
"294","487","2006","Record Of The Year","Put Your Records On","Corinne Bailey Rae","Nominee","Corinne Bailey Rae","Put Your Records On","2nGFzvICaeEWjIrBrL2RAx","FALSE"
"295","488","2006","Record Of The Year","Crazy","Gnarls Barkley","Nominee","Gnarls Barkley","Crazy","2N5zMZX7YeL1tico8oQxa9","FALSE"
"296","489","2006","Record Of The Year","Not Ready To Make Nice","Dixie Chicks","Winner","The Chicks","Not Ready to Make Nice","6LCEyZZHFF4ebF1Mike1s5","FALSE"
"297","490","2006","Record Of The Year","You're Beautiful","James Blunt","Nominee","James Blunt","You're Beautiful","0vg4WnUWvze6pBOJDTq99k","FALSE"
"298","491","2006","Record Of The Year","Be Without You","Mary J. Blige","Nominee","Mary J. Blige","Be Without You - Kendu Mix","6Y3WvyUG9iE5bQYg38SPtQ","FALSE"
"299","495","2006","Song Of The Year","Jesus, Take The Wheel","Carrie Underwood","Nominee","Carrie Underwood","Jesus, Take the Wheel","3lec3CzDPAxsZokPph5w87","FALSE"
"300","497","2007","Record Of The Year","Rehab","Amy Winehouse","Winner","Amy Winehouse","Rehab","3N4DI1vuTSX1tz7fa2NQZw","FALSE"
"301","498","2007","Record Of The Year","What Goes Around…Comes Around","Justin Timberlake","Nominee","Justin Timberlake","What Goes Around.../...Comes Around (Interlude)","3pD0f7hSJg2XdQ6udw5Tey","FALSE"
"302","499","2007","Record Of The Year","Umbrella","Rihanna","Nominee","c(""Rihanna"", ""JAY-Z"")","Umbrella","2yPoXCs7BSIUrucMdK5PzV","FALSE"
"303","500","2007","Record Of The Year","The Pretender","Foo Fighters","Nominee","Foo Fighters","The Pretender","7x8dCjCr0x6x2lXKujYD34","FALSE"
"304","501","2007","Record Of The Year","Irreplaceable","Beyoncé","Nominee","Beyoncé","Irreplaceable","6RX5iL93VZ5fKmyvNXvF1r","FALSE"
"305","502","2007","Song Of The Year","Umbrella","Rihanna Featuring Jay-Z","Nominee","Nordic Rain","Umbrella Time","5mWEC9dsbcLwo5CeIyVRA6","TRUE"
"306","505","2007","Song Of The Year","Hey There Delilah","Plain White T's","Nominee","Plain White T's","Hey There Delilah","4RCWB3V8V0dignt99LZ8vH","FALSE"
"307","507","2008","Record Of The Year","Please Read The Letter","Robert Plant","Winner","c(""Robert Plant"", ""Alison Krauss"")","Please Read The Letter","1m5N9YCZL4BXuSXdYmhRaj","FALSE"
"308","508","2008","Record Of The Year","Paper Planes","M.I.A","Nominee","M.I.A.","Paper Planes","1ixbwbeBi5ufN4noUKmW5a","FALSE"
"309","509","2008","Record Of The Year","Bleeding Love","Leona Lewis","Nominee","Leona Lewis","Bleeding Love","7wZUrN8oemZfsEd1CGkbXE","FALSE"
"310","510","2008","Record Of The Year","Viva La Vida","Coldplay","Nominee","Coldplay","Viva La Vida","1mea3bSkSGXuIRvnydlB5b","FALSE"
"311","511","2008","Record Of The Year","Chasing Pavements","Adele","Nominee","Adele","Chasing Pavements","56pHllZT7QOacB0bP56ofx","FALSE"
"312","512","2008","Song Of The Year","Viva La Vida","Guy Berryman, Jon Buckland, Will Champion & Chris Martin","Winner","Coldplay","Viva La Vida","3zzwBtusqxBiGRsGpsnN3F","TRUE"
"313","513","2008","Song Of The Year","Love Song","Sara Bareilles","Nominee","Sara Bareilles","Love Song","4E6cwWJWZw2zWf7VFbH7wf","FALSE"
"314","514","2008","Song Of The Year","I'm Yours","Jason Mraz","Nominee","Jason Mraz","I'm Yours","1EzrEOXmMH3G43AXT1y7pA","FALSE"
"315","516","2008","Song Of The Year","American Boy","Estelle Featuring Kanye West","Nominee","2000's Karaoke Band","American Boy (In the style of Estelle featuring Kanye West)","3XB7WVeKBh3nJJT45v29ng","TRUE"
"316","517","2009","Record Of The Year","You Belong With Me","Taylor Swift","Nominee","Taylor Swift","You Belong With Me (Taylor’s Version)","1qrpoAMXodY6895hGKoUpA","FALSE"
"317","518","2009","Record Of The Year","Poker Face","Lady Gaga","Nominee","Lady Gaga","Poker Face","5R8dQOPq8haW94K7mgERlO","FALSE"
"318","519","2009","Record Of The Year","Use Somebody","Kings Of Leon","Winner","Kings of Leon","Use Somebody","5VGlqQANWDKJFl0MBG3sg2","FALSE"
"319","523","2009","Song Of The Year","Use Somebody","Kings Of Leon","Nominee","Kings of Leon","Use Somebody","5VGlqQANWDKJFl0MBG3sg2","FALSE"
"320","524","2009","Song Of The Year","Single Ladies (Put A Ring On It)","Beyoncé","Winner","Beyoncé","Single Ladies (Put a Ring on It)","2ZBNclC5wm4GtiWaeh0DMx","FALSE"
"321","525","2009","Song Of The Year","Pretty Wings","Maxwell","Nominee","Maxwell","Pretty Wings - uncut","22NLm3IIR9NLG0cUYtmHMW","FALSE"
"322","527","2010","Record Of The Year","Need You Now","Lady Antebellum","Winner","Lady A","Need You Now","11EX5yhxr9Ihl3IN1asrfK","FALSE"
"323","528","2010","Record Of The Year","Empire State Of Mind","Jay-Z","Nominee","c(""JAY-Z"", ""Alicia Keys"")","Empire State Of Mind","2igwFfvr1OAGX9SKDCPBwO","FALSE"
"324","529","2010","Record Of The Year","Fuck You","Cee Lo Green","Nominee","CeeLo Green","Fuck You","4ycLiPVzE5KamivXrAzGFG","FALSE"
"325","531","2010","Record Of The Year","Nothin' On You","B.o.B Featuring <a href=""/artists/bruno-mars/5082"">Bruno Mars</a>","Nominee","c(""B.o.B"", ""Bruno Mars"")","Nothin' on You (feat. Bruno Mars)","59dLtGBS26x7kc0rHbaPrq","TRUE"
"326","533","2010","Song Of The Year","Love The Way You Lie","Eminem Featuring Rihanna","Nominee","DJ Cover This","Love The Way You Lie (Instruemental)","1oHSFSaUdIHXTCE8GO0W9N","TRUE"
"327","534","2010","Song Of The Year","The House That Built Me","Miranda Lambert","Nominee","Miranda Lambert","The House That Built Me","02eD9ymfJOJOhM97HYp5R9","FALSE"
"328","536","2010","Song Of The Year","Beg Steal Or Borrow","Ray LaMontagne And The Pariah Dogs","Nominee","c(""Ray LaMontagne"", ""The Pariah Dogs"")","Beg Steal or Borrow (with The Pariah Dogs)","7fMYBrlKl9mkcMTUGT4j6l","FALSE"
"329","537","2011","Record Of The Year","Firework","Katy Perry","Nominee","Katy Perry","Firework","4r6eNCsrZnQWJzzvFh4nlg","FALSE"
"330","538","2011","Record Of The Year","The Cave","Mumford & Sons","Nominee","Mumford & Sons","The Cave","3vUn7FE3ZaQgJmkhIrIirF","FALSE"
"331","539","2011","Record Of The Year","Grenade","Bruno Mars","Nominee","Bruno Mars","Grenade","2tJulUYLDKOg9XrtVkMgcJ","FALSE"
"332","540","2011","Record Of The Year","Holocene","Bon Iver","Nominee","Bon Iver","Holocene","1ILEK6NRfxoseoPnolRcVA","FALSE"
"333","541","2011","Record Of The Year","Rolling In The Deep","Adele","Winner","Adele","Rolling in the Deep","1c8gk2PeTE04A1pIDH9YMk","FALSE"
"334","546","2011","Song Of The Year","All Of The Lights","Kanye West, Rihanna, Kid Cudi & Fergie","Nominee","Kanye West","All Of The Lights","22L7bfCiAkJo5xGSQgmiIO","FALSE"
"335","548","2012","Record Of The Year","Thinkin Bout You","Frank Ocean","Nominee","Frank Ocean","Thinkin Bout You","7DfFc7a6Rwfi3YQMRbDMau","FALSE"
"336","549","2012","Record Of The Year","Somebody That I Used To Know","Gotye","Winner","c(""Gotye"", ""Kimbra"")","Somebody That I Used To Know","4wCmqSrbyCgxEXROQE6vtV","FALSE"
"337","550","2012","Record Of The Year","We Are Young","Fun.","Nominee","c(""fun."", ""Janelle Monáe"")","We Are Young (feat. Janelle Monáe)","7a86XRg84qjasly9f6bPSD","FALSE"
"338","551","2012","Record Of The Year","Stronger (What Doesn't Kill You)","Kelly Clarkson","Nominee","Kelly Clarkson","Stronger (What Doesn't Kill You)","6D60klaHqbCl9ySc8VcRss","FALSE"
"339","552","2012","Record Of The Year","Lonely Boy","The Black Keys","Nominee","The Black Keys","Lonely Boy","5G1sTBGbZT5o4PNRc75RKI","FALSE"
"340","553","2012","Song Of The Year","We Are Young","Fun. Featuring Janelle Monáe","Winner","c(""fun."", ""Janelle Monáe"")","We Are Young (feat. Janelle Monáe)","7a86XRg84qjasly9f6bPSD","TRUE"
"341","555","2012","Song Of The Year","Call Me Maybe","Carly Rae Jepsen","Nominee","Carly Rae Jepsen","Call Me Maybe","3TGRqZ0a2l1LRblBkJoaDx","FALSE"
"342","556","2012","Song Of The Year","Adorn","Miguel","Nominee","Miguel","Adorn","25cUhiAod71TIQSNicOaW3","FALSE"
"343","557","2012","Song Of The Year","The A Team","Ed Sheeran","Nominee","Ed Sheeran","The A Team","1VdZ0vKfR5jneCmWIUAMxK","FALSE"
"344","558","2013","Record Of The Year","Blurred Lines","Robin Thicke","Nominee","c(""Robin Thicke"", ""T.I."", ""Pharrell Williams"")","Blurred Lines","0n4bITAu0Y0nigrz3MFJMb","FALSE"
"345","560","2013","Record Of The Year","Royals","Lorde","Nominee","Lorde","Royals","2dLLR6qlu5UJ5gk0dKz0h3","FALSE"
"346","561","2013","Record Of The Year","Radioactive","Imagine Dragons","Nominee","Imagine Dragons","Radioactive","4G8gkOterJn0Ywt6uhqbhp","FALSE"
"347","562","2013","Record Of The Year","Get Lucky","Daft Punk","Winner","c(""Daft Punk"", ""Pharrell Williams"", ""Nile Rodgers"")","Get Lucky (Radio Edit) [feat. Pharrell Williams and Nile Rodgers]","2Foc5Q5nqNiosCNqttzHof","FALSE"
"348","563","2013","Song Of The Year","Same Love","Macklemore & Ryan Lewis Featuring Mary Lambert","Nominee","c(""Macklemore & Ryan Lewis"", ""Macklemore"", ""Ryan Lewis"", ""Mary Lambert"")","Same Love (feat. Mary Lambert)","01uqI4H13Gsd8Lyl1EYd8H","FALSE"
"349","564","2013","Song Of The Year","Royals","Lorde","Winner","Lorde","Royals","2dLLR6qlu5UJ5gk0dKz0h3","FALSE"
"350","567","2013","Song Of The Year","Just Give Me A Reason","Pink Featuring Nate Ruess","Nominee","c(""P!nk"", ""Nate Ruess"")","Just Give Me a Reason (feat. Nate Ruess)","1mKXFLRA179hdOWQBwUk9e","TRUE"
"351","568","2014","Record Of The Year","All About That Bass","Meghan Trainor","Nominee","Meghan Trainor","All About That Bass","5jE48hhRu8E6zBDPRSkEq7","FALSE"
"352","570","2014","Record Of The Year","Stay With Me (Darkchild Version)","Sam Smith","Winner","Sam Smith","Stay With Me","5Nm9ERjJZ5oyfXZTECKmRt","FALSE"
"353","571","2014","Record Of The Year","Chandelier","Sia","Nominee","Sia","Chandelier","2s1sdSqGcKxpPr5lCl7jAV","FALSE"
"354","572","2014","Record Of The Year","Fancy","Iggy Azalea","Nominee","c(""Iggy Azalea"", ""Charli XCX"")","Fancy","3oiMJQAWVaxSubJ7b2VUtX","FALSE"
"355","573","2014","Song Of The Year","Take Me To Church","Hozier","Nominee","Hozier","Take Me to Church","1CS7Sd1u5tWkstBhpssyjP","FALSE"
"356","578","2015","Record Of The Year","Can't Feel My Face","The Weeknd","Nominee","The Weeknd","Can't Feel My Face","22VdIZQfgXJea34mQxlt81","FALSE"
"357","581","2015","Record Of The Year","Uptown Funk","Mark Ronson","Winner","c(""Mark Ronson"", ""Bruno Mars"")","Uptown Funk (feat. Bruno Mars)","32OlwWuMpZ6b0aN2RZOeMS","FALSE"
"358","582","2015","Record Of The Year","Really Love","D'Angelo","Nominee","D'Angelo","Really Love","2RcanAJpudPNDkyIe9DzKS","FALSE"
"359","583","2015","Song Of The Year","Thinking Out Loud","Ed Sheeran","Winner","Ed Sheeran","Thinking out Loud","34gCuhDGsG4bRPIf9bb02f","FALSE"
"360","584","2015","Song Of The Year","See You Again","Wiz Khalifa Featuring Charlie Puth","Nominee","Once Jamison","See You Again (Wiz Khalifa featuring Charlie Puth Covers) [Clean]","4JZ9NUioOgDEVjDuBGukRV","TRUE"
"361","585","2015","Song Of The Year","Girl Crush","Little Big Town","Nominee","Little Big Town","Girl Crush","11qh54D0PKkBwelpDxxiEU","FALSE"
"362","587","2015","Song Of The Year","Alright","Kendrick Lamar","Nominee","Kendrick Lamar","Alright","3iVcZ5G6tvkXZkZKlMpIUs","FALSE"
"363","588","2016","Record Of The Year","Stressed Out","Twenty One Pilots","Nominee","Twenty One Pilots","Stressed Out","3CRDbSIZ4r5MsZ0YwxuEkn","FALSE"
"364","590","2016","Record Of The Year","7 Years","Lukas Graham","Nominee","Lukas Graham","7 Years","5kqIPrATaCc2LqxVWzQGbk","FALSE"
"365","594","2016","Song Of The Year","Love Yourself","Justin Bieber","Nominee","Justin Bieber","Love Yourself","50kpGaPAhYJ3sGmk6vplg0","FALSE"
"366","595","2016","Song Of The Year","I Took A Pill In Ibiza","Mike Posner","Nominee","c(""Mike Posner"", ""Seeb"")","I Took A Pill In Ibiza - Seeb Remix","1MtUq6Wp1eQ8PC6BbPCj8P","FALSE"
"367","598","2017","Record Of The Year","Redbone","Childish Gambino","Nominee","Childish Gambino","Redbone","0WtDGnWL2KrMCk0mI1Gpwz","FALSE"
"368","600","2017","Record Of The Year","24K Magic","Bruno Mars","Winner","Bruno Mars","24K Magic","6b8Be6ljOzmkOmFslEb23P","FALSE"
"369","601","2017","Record Of The Year","The Story Of O.J.","JAY-Z","Nominee","JAY-Z","The Story of O.J.","6JpN5w95em8SODPiM7W2PH","FALSE"
"370","602","2017","Record Of The Year","Despacito","Luis Fonsi","Nominee","c(""Luis Fonsi"", ""Daddy Yankee"")","Despacito","6habFhsOp2NvshLv26DqMb","FALSE"
"371","605","2017","Song Of The Year","Issues","Julia Michaels","Nominee","Julia Michaels","Issues","7vu0JkJh0ldukEYbTVcqd0","FALSE"
"372","606","2017","Song Of The Year","1-800-273-8255","Logic Featuring Alessia Cara & Khalid","Nominee","c(""Logic"", ""Alessia Cara"", ""Khalid"")","1-800-273-8255","5tz69p7tJuGPeMGwNTxYuV","FALSE"
"373","607","2017","Song Of The Year","Despacito","Luis Fonsi & Daddy Yankee Featuring Justin Bieber","Nominee","c(""Luis Fonsi"", ""Daddy Yankee"")","Despacito","6habFhsOp2NvshLv26DqMb","FALSE"
"374","608","2018","Record Of The Year","The Middle","Zedd","Nominee","c(""Zedd"", ""Maren Morris"", ""Grey"")","The Middle","09IStsImFySgyp0pIQdqAc","FALSE"
"375","609","2018","Record Of The Year","This Is America","Childish Gambino","Winner","Childish Gambino","This Is America","0b9oOr2ZgvyQu88wzixux9","FALSE"
"376","610","2018","Record Of The Year","I Like It","Cardi B","Nominee","c(""Cardi B"", ""Bad Bunny"", ""J Balvin"")","I Like It","58q2HKrzhC3ozto2nDdN4z","FALSE"
"377","611","2018","Record Of The Year","The Joke","Brandi Carlile","Nominee","Brandi Carlile","The Joke","18k8IlS52uxRWObykDUZFG","FALSE"
"378","612","2018","Record Of The Year","God's Plan","Drake","Nominee","Drake","God's Plan","6DCZcSspjsKoFjzjrWoCdn","FALSE"
"379","615","2018","Record Of The Year","Rockstar","Post Malone","Nominee","c(""Post Malone"", ""21 Savage"")","rockstar (feat. 21 Savage)","0e7ipj03S05BNilyu5bRzt","FALSE"
"380","616","2018","Song Of The Year","Boo'd Up","Ella Mai","Nominee","Ella Mai","Boo'd Up","0At2qAoaVjIwWNAqrscXli","FALSE"
"381","617","2018","Song Of The Year","All The Stars","Kendrick Lamar & SZA","Nominee","c(""Kendrick Lamar"", ""SZA"")","All The Stars (with SZA)","3GCdLUSnKSMJhs4Tj6CV3s","FALSE"
"382","619","2018","Song Of The Year","In My Blood","Shawn Mendes","Nominee","Shawn Mendes","In My Blood","2QZ7WLBE8h2y1Y5Fb8RYbH","FALSE"
"383","621","2018","Song Of The Year","The Middle","Zedd, Maren Morris & Grey","Nominee","c(""Zedd"", ""Maren Morris"", ""Grey"")","The Middle","09IStsImFySgyp0pIQdqAc","FALSE"
"384","622","2018","Song Of The Year","Shallow","Lady Gaga & Bradley Cooper","Nominee","c(""Lady Gaga"", ""Bradley Cooper"")","Shallow","2VxeLyX666F8uXCJ0dZF8B","FALSE"
"385","624","2019","Record Of The Year","7 rings","Ariana Grande","Nominee","Ariana Grande","7 rings","6ocbgoVGwYJhOv1GgI9NsF","FALSE"
"386","627","2019","Record Of The Year","Old Town Road","Lil Nas X","Nominee","c(""Lil Nas X"", ""Billy Ray Cyrus"")","Old Town Road - Remix","2YpeDb67231RjR0MgVLzsG","FALSE"
"387","628","2019","Record Of The Year","Bad Guy","Billie Eilish","Winner","Billie Eilish","bad guy","2Fxmhks0bxGSBdJ92vM42m","FALSE"
"388","629","2019","Record Of The Year","Hard Place","H.E.R.","Nominee","H.E.R.","Hard Place","4IablJ6SqVNGY4vrseyKxu","FALSE"
"389","630","2019","Record Of The Year","Talk","Khalid","Nominee","c(""Khalid"", ""Disclosure"")","Talk (feat. Disclosure)","6TqXcAFInzjp0bODyvrWEq","FALSE"
"390","631","2019","Record Of The Year","Truth Hurts","Lizzo","Nominee","Lizzo","Truth Hurts","3HWzoMvoF3TQfYg4UPszDq","FALSE"
"391","635","2019","Song Of The Year","Bring My Flowers Now","Tanya Tucker","Nominee","Tanya Tucker","Bring My Flowers Now","7nx130yomv3fvvFD0fcGOG","FALSE"
"392","638","2019","Song Of The Year","Norman F***ing Rockwell","Lana Del Rey","Nominee","Lana Del Rey","Norman fucking Rockwell","3RIgHHpnFKj5Rni1shokDj","FALSE"
"393","639","2019","Song Of The Year","Someone You Loved","Lewis Capaldi","Nominee","Lewis Capaldi","Someone You Loved","7qEHsqek33rTcFNT9PFqLf","FALSE"
"394","641","2020","Record Of The Year","Say So","Doja Cat","Nominee","Doja Cat","Say So","3Dv1eDb0MEgF93GpLXlucZ","FALSE"
"395","642","2020","Record Of The Year","Rockstar","DaBaby","Nominee","c(""DaBaby"", ""Roddy Ricch"")","ROCKSTAR (feat. Roddy Ricch)","7ytR5pFWmSjzHJIeQkgog4","TRUE"
"396","643","2020","Record Of The Year","Savage","Megan Thee Stallion","Nominee","Megan Thee Stallion","Savage","55CHeLEfn5iJ0IIkgaa4si","FALSE"
"397","645","2020","Record Of The Year","Don't Start Now","Dua Lipa","Nominee","Dua Lipa","Don't Start Now","3PfIrDoz19wz7qK7tYeu62","FALSE"
"398","646","2020","Record Of The Year","Colors","Black Pumas","Nominee","Black Pumas","Colors","6d4FWjx72iuRWzn1HwywLK","FALSE"
"399","648","2020","Song Of The Year","I Can't Breathe","H.E.R.","Winner","H.E.R.","I Can't Breathe","4CPszpSnlbgnQLIQYyzIR2","FALSE"
"400","649","2020","Song Of The Year","The Box","Roddy Ricch","Nominee","Roddy Ricch","The Box","0nbXyq5TXYPCO7pr3N8S4I","FALSE"
"401","650","2020","Song Of The Year","If The World Was Ending","JP Saxe Featuring Julia Michaels","Nominee","c(""JP Saxe"", ""Julia Michaels"")","If the World Was Ending (feat. Julia Michaels)","77MdvMx9L4ZQuLhhn3o21h","FALSE"
"402","651","2020","Song Of The Year","Everything I Wanted","Billie Eilish","Nominee","Billie Eilish","everything i wanted","3ZCTVFBt2Brf31RLEnCkWJ","FALSE"
"403","656","2021","Record Of The Year","Leave The Door Open","Silk Sonic","Winner","c(""Bruno Mars"", ""Anderson .Paak"", ""Silk Sonic"")","Leave The Door Open","02VBYrHfVwfEWXk5DXyf0T","FALSE"
"404","659","2021","Record Of The Year","drivers license","Olivia Rodrigo","Nominee","Olivia Rodrigo","drivers license","5wANPM4fQCJwkGd4rN57mH","FALSE"
"405","664","2021","Record Of The Year","Freedom","Jon Batiste","Nominee","Jon Batiste","FREEDOM","2QOB5UiRKggr2j9uMD3GYK","TRUE"
"406","665","2021","Record Of The Year","I Still Have Faith In You","ABBA","Nominee","ABBA","I Still Have Faith In You","3ddxe0WYUpNPtSnHgQOad5","FALSE"
"407","667","2021","Song Of The Year","Kiss Me More","Doja Cat Featuring SZA","Nominee","c(""Doja Cat"", ""SZA"")","Kiss Me More (feat. SZA)","3DarAbFujv6eYNliUTyqtz","FALSE"
"408","668","2021","Song Of The Year","Peaches","Justin Bieber Featuring Daniel Caesar & Giveon","Nominee","c(""Young Nudy"", ""21 Savage"")","Peaches & Eggplants (feat. 21 Savage)","1KUZ33cOqk3X4Ezk0aZnVp","TRUE"
"409","674","2021","Song Of The Year","A Beautiful Noise","Alicia Keys & Brandi Carlile","Nominee","Vox Freaks","A Beautiful Noise (Originally Performed by Alicia Keys and Brandi Carlile) [Instrumental]","0YUG4XdL2oE1UUoBcxM9Bk","TRUE"
"410","676","2022","Record Of The Year","About Damn Time","Lizzo","Winner","Lizzo","About Damn Time","1PckUlxKqWQs3RlWXVBLw3","FALSE"
"411","677","2022","Record Of The Year","As It Was","Harry Styles","Nominee","Harry Styles","As It Was","4LRPiXqCikLlN15c3yImP7","FALSE"
"412","678","2022","Record Of The Year","Bad Habit","Steve Lacy","Nominee","Steve Lacy","Bad Habit","5CM4UuQ9Gnd6K2YyKGPMoK","FALSE"
"413","686","2022","Song Of The Year","Just Like That","Bonnie Raitt","Winner","Bonnie Raitt","Just Like That","4yYi79a3MEQ0pCRCvuxcuU","FALSE"
"414","690","2022","Song Of The Year","GOD DID","DJ Khaled Featuring Rick Ross, Lil Wayne, Jay-Z, John Legend & Fridayy","Nominee","c(""DJ Khaled"", ""Rick Ross"", ""Lil Wayne"", ""JAY-Z"", ""John Legend"", ""Fridayy"")","GOD DID (feat. Rick Ross, Lil Wayne, Jay-Z, John Legend & Fridayy)","2sOj9vyd6yiss9W1IK6chU","FALSE"
"415","695","2022","Song Of The Year","abcdefu","GAYLE","Nominee","GAYLE","abcdefu","4fouWK6XVHhzl78KzQ1UjL","FALSE"
